frame,track,x,y,width,height,angle,n
2,1,949.108094768016,608.154244817374,96.5348990565835,108.325126872928,95.6787676777527,8104
2,2,954.758896441423,517.119152339064,90.1825342056257,106.632642810389,87.3009613093963,7503
2,3,944.391717365781,412.136940975558,104.647052956191,117.579076567296,96.9152969605813,9369
3,1,949.110905502097,608.191956575376,96.4378880380025,108.459743042549,95.7355906535915,8106
3,2,954.871613505939,517.161217135994,90.3187483978648,106.220116648121,86.9142285500603,7493
3,3,944.387807486631,412.139144385027,104.747009954794,117.563533419871,97.3879742621514,9350
4,1,949.088264299803,608.172090729783,96.3715880670661,108.616335162474,95.8547804415358,8112
4,2,954.857771847899,517.165176784523,90.3102009137688,106.261543157417,86.8650426827503,7495
4,3,944.33808248527,412.112051419389,104.742095858426,117.357861407592,97.1862900469219,9335
5,1,949.091021213616,608.192032560434,96.3561426187921,108.582864166835,96.1692338173474,8108
5,2,954.938718291055,517.246328437917,90.2648765145997,106.21059157298,87.4303344276667,7490
5,3,944.388805650685,412.115582191781,104.523408828935,117.514092220097,97.5600440349564,9344
6,1,949.109315237508,608.179148673658,96.3620966681447,108.540390305155,96.1419273085731,8105
6,2,954.878735325507,517.226787620064,90.2276534411782,106.398045819427,87.4850519877994,7496
6,3,944.425759520753,412.155113393239,104.570415540911,117.598107949222,97.3192757996529,9348
7,1,949.138028863945,608.163932404095,96.30833462314,108.622363160287,96.0391622734122,8107
7,2,954.935565635005,517.193303094984,90.3267868625895,106.245088428806,87.2917464624866,7496
7,3,944.274564609761,412.305418189637,104.544236010019,117.236726087688,98.712049096584,9302
8,1,949.170286278381,608.146594274432,96.3122498492089,108.580409915006,95.9865468137495,8104
8,2,954.94530416222,517.185165421558,90.3465326430752,106.220961453865,87.255537910872,7496
8,3,944.3118567753,412.448756432247,104.384150043063,117.100752014607,98.9293077786195,9328
9,1,949.17683378612,608.155346999259,96.2724802890012,108.544853092924,96.0104353293126,8098
9,2,955.039252336449,517.162750333778,90.4610564469615,105.962315769469,87.224197628722,7490
9,3,944.275678610206,412.843648208469,104.506474213346,117.340800947599,98.924003389629,9210
10,1,949.178447849728,608.088606030648,96.1718376325558,108.591091629507,96.1669782796363,8092
10,2,955.071542979178,517.127736252002,90.4193220182321,106.032306475357,86.9616965698023,7492
10,3,944.273796791444,416.210695187166,104.639976957237,120.263295397619,96.7722078522397,8415
11,1,949.226806670784,607.936504014824,96.2135669183201,108.621340608151,96.0207103933214,8095
11,2,955.091479700855,517.025240384615,90.4054098046651,106.008828096539,87.097510353159,7488
11,3,944.237471457757,418.662901093619,102.467892213442,118.704460473059,100.712249259047,8321
12,1,949.262722332016,607.903656126482,96.2093523808284,108.622854997729,95.962193208638,8096
12,2,955.152908067542,517.187215223801,89.8349549957445,106.261102631332,87.3627881554381,7462
12,3,944.476208506879,425.028524548782,96.0525022720041,110.510449187196,91.2769824768824,7923
13,1,949.762624354615,610.140032741468,96.1998232488359,106.065569159745,91.8344549689954,7941
13,2,955.450994218023,520.447750669863,85.6821670202255,105.785412668749,86.162824285351,7091
13,3,945.42328406096,432.756273633551,98.9445353553025,114.892572312435,93.3495643915163,8727
14,1,949.702479338843,617.170756516211,95.955252459125,105.140634924545,88.718763534387,7865
14,2,955.308114961961,526.971118624965,86.6466106173682,104.70049970716,84.8793304335683,7098
14,3,945.041457586619,439.1,96.9606470634617,114.783984004978,88.3927538391871,8370
15,1,949.476062467998,626.267921146954,96.0291311179699,104.211131969359,87.1838390779001,7812
15,2,955.138053853825,536.108562473287,86.0825231404609,104.244805326863,83.774852925702,7019
15,3,944.971290711701,448.7082026538,96.9943082151651,114.869179565172,87.3315041192104,8290
16,1,949.062970044614,635.801529636711,96.196863285382,104.506304591719,88.0137884086105,7845
16,2,954.898,545.847,85.84217159097,104.221917066987,84.2794137499833,7000
16,3,944.732827187274,458.5237406604,97.9001252741204,115.212351908732,88.8120312759447,8298
17,1,948.655273189327,644.338500635324,96.4042009896914,104.667090199076,91.0888996793629,7870
17,2,954.587363270006,554.839810017271,84.6813529783879,104.855232678061,85.0257386087357,6948
17,3,943.591844710787,469.422746221991,101.590582639835,120.000341224806,92.1789099309063,7676
18,1,948.172616810723,650.421270199173,96.7440983744031,106.329158839131,95.4480714411561,7983
18,2,954.092514124294,560.747881355932,85.4346150692928,105.931470961097,86.1436239498193,7080
18,3,943.989352588422,472.32749969404,106.167822657153,121.497748181639,91.2132234284844,8171
19,1,947.915125946147,654.019481325227,97.1514428464854,107.05400078355,96.11038833681,8059
19,2,953.564578180819,563.642758999725,87.49446129476,106.640177603977,87.1088180328702,7278
19,3,943.795314426634,472.345006165228,106.200596457894,122.535139767549,93.2946634099022,8110
20,1,947.769363804818,656.246571957999,96.9176932716158,107.87663843703,98.1995955086207,8095
20,2,952.996271141297,564.912105473432,90.0497805989055,107.358677420758,87.7270696019455,7509
20,3,942.417118512781,467.495352439969,102.672920428848,118.813023316255,94.9137998554397,7746
21,1,947.712035441792,657.608663549102,97.0695903447926,108.086043320952,98.0896790924542,8126
21,2,952.968414067684,566.022826808228,90.426160046223,107.29420361285,88.2542165688059,7535
21,3,943.024830977259,456.511616472034,102.512792893526,119.291682684614,95.9489493837423,8135
22,1,947.518095939149,658.440804809226,97.0953965516503,108.506137086896,98.1180253496725,8151
22,2,952.886040642848,566.848054190464,90.5348351486001,106.927466002578,87.7136675231315,7529
22,3,943.257924395398,449.371683493778,103.777893341673,118.440140341048,97.4994054448509,8518
23,1,947.679038224414,657.382244143033,96.8700129652098,108.111877503026,98.0049687048005,8110
23,2,953.375217449485,565.875685802221,90.620698583218,105.558410024419,87.3606322001908,7473
23,3,943.625943396226,441.904481132076,103.598770342438,118.481209062181,95.2440175186262,8480
24,1,948.060734287492,652.94922215308,96.4901335925369,107.337109861327,98.7390332870659,8035
24,2,954.08385601309,561.556994818653,90.1140511888037,103.989128712342,86.9669724289048,7334
24,3,944.525809273841,437.555227471566,105.851915556905,118.256546759856,91.9144861947052,9144
25,1,948.395744680851,645.839924906133,96.37433256827,106.646578667428,98.0090829213768,7990
25,2,954.25951794029,554.363599013969,89.8288919423161,103.898482947644,86.9581186348249,7302
25,3,944.389472482302,444.581868006394,101.664008907566,115.936058903772,89.021467664646,8758
26,1,948.754038822793,637.687288666249,96.7845073476556,105.81339370549,96.7574544687204,7985
26,2,954.485588194732,546.399117363122,88.6551435760793,104.496029965985,87.3413168306736,7251
26,3,944.093327056608,453.495586677651,102.020358640204,115.760430964904,90.1702177886381,8497
27,1,948.588415756535,631.12762302123,97.4722622393151,107.679487639817,97.9276106083694,8149
27,2,954.607753230513,540.779491454773,86.1530610637165,106.721116040233,87.1852005006236,7197
27,3,944.727471767688,452.314588614888,101.289632132084,116.971547523966,94.6598535296229,8678
28,1,948.487042219248,628.356004380095,97.5989623593878,108.487818793452,97.7187326756234,8219
28,2,954.556907758263,538.348084635597,85.7047488994292,107.829404585759,87.3959463605082,7231
28,3,945.270106053911,449.279275298277,102.225249561652,116.949155593854,95.2931383770164,9052
29,1,948.408051568961,626.835563123328,97.7629470174252,108.410017924045,98.3015181183359,8222
29,2,954.425409047161,536.501856180393,86.4422193364587,107.523103477541,88.1900003542905,7273
29,3,945.694146287485,446.551178488437,101.742914025579,116.715672550502,96.7300635895763,9037
30,1,948.381811487482,624.066642120766,97.2053607725059,108.196322919173,98.5554208159338,8148
30,2,954.585426101276,533.418141896528,87.6295320528907,106.264507965711,89.2009757929415,7287
30,3,944.705029347451,442.853608010128,100.816667198477,114.796269888008,96.9364922300261,8689
31,1,948.586889301175,619.115398886828,96.7274825299815,107.620403112252,99.2141055039495,8085
31,2,954.784632485758,528.62859524802,86.9899918948418,105.699150361494,89.2735238948152,7197
31,3,944.58046564452,438.035207268597,102.455060542046,116.276537469792,97.9562273741954,8805
32,1,948.799505562423,613.822249690977,96.7665945318608,107.698274279289,98.251503751113,8090
32,2,955.07395631739,523.505667680398,87.1316734619848,106.067901932288,89.5599112989248,7234
32,3,944.723684210526,433.515507518797,101.250727609472,114.741671463943,96.8627539072899,8512
33,1,949.075924322987,609.360207740819,96.6660505590037,107.877756344039,98.403340156747,8087
33,2,955.218887061404,518.671326754386,88.3445834679512,105.542751831867,89.5428266747174,7296
33,3,945.458139534884,426.797674418605,99.6806022067975,113.99369475386,95.0633187551646,8600
34,1,949.275695134062,605.131082423039,96.3219440936403,107.778572264091,97.1722233074618,8056
34,2,955.449433601747,514.361403029889,88.8921117492375,105.351042539914,88.5273109541653,7327
34,3,945.293331797766,420.567315443971,100.695459878207,113.838178428277,96.388835147735,8683
35,1,949.520591861899,601.627496917386,96.6707195981553,108.173959299219,96.599302561887,8110
35,2,955.45171039978,511.567248248386,87.1393744029465,106.792608594792,87.8968316517811,7279
35,3,944.676595243701,421.12785495644,101.33106981301,114.071601596704,94.5044685173282,8494
36,1,949.632240571851,601.667611535618,96.8816774018416,107.973465301659,95.2493256939413,8114
36,2,955.531039325843,512.406741573034,84.688070371469,107.494137750483,87.2159959678802,7120
36,3,945.230022573363,423.881489841987,103.170239203909,117.419134025515,97.6808601427491,8860
37,1,949.72195423624,604.480766852196,96.8211099592708,107.700185617352,95.3508435975601,8085
37,2,955.971582072671,515.416654884773,84.4168545925018,107.085595552244,86.4593633414143,7073
37,3,944.587616099071,429.009783281734,102.921308120507,120.645277877106,95.9399331604502,8075
38,1,949.831075201989,606.83343691734,96.842492741328,107.086922115798,94.7916394890143,8045
38,2,956.317602779386,518.62101910828,82.0279933060472,107.711634875768,86.1833399208293,6908
38,3,943.110275352586,436.054130288784,103.177047913484,121.993910904366,99.0859921197453,7445
39,1,950.134505883842,611.067822345945,96.4573245930298,105.227145618219,92.4538739944047,7903
39,2,956.424907885041,523.123949889462,81.0775782699238,107.095925594518,85.5042425749556,6785
39,3,942.016333938294,442.355577272093,102.710266509645,123.218184805108,101.195577948872,7163
40,1,950.026923567692,618.031517162179,96.4029771375119,104.411934465213,90.9792509906482,7837
40,2,956.197545645017,530.385662975157,80.147821883459,106.721150184449,85.5016743094435,6682
40,3,941.271580154861,450.371236019501,103.290671218951,124.491245524325,104.28120588973,6974
41,1,949.93790343403,626.828943971082,95.4332108528186,104.098685447489,88.3112135092308,7746
41,2,955.659772793475,538.030294203321,83.6826527470657,104.882631493584,85.1340836082325,6866
41,3,943.010994502749,451.008245877062,108.346178970578,122.754595377914,97.5186214722743,8004
42,1,949.541065911431,635.576467559217,95.3262400559992,104.63092204565,89.662234055971,7768
42,2,955.099679799527,544.429207851873,88.8997892578852,103.277347331805,85.0959353127765,7183
42,3,943.964593936712,446.778048240761,106.59764285195,118.161518519725,98.5221152950448,9038
43,1,949.038947771677,642.720469927212,95.7406901637304,105.382316496985,93.6326621887566,7831
43,2,954.655097318633,549.58241459099,90.6498130823817,103.774217871182,88.2452178891384,7347
43,3,943.712153772684,448.310052531041,106.378666364002,120.943683423498,95.1728142473069,8376
44,1,948.62552327794,648.492578967398,95.9254437004436,106.139765535756,96.3743029995606,7883
44,2,953.807594936709,552.349500333111,91.9807015865892,105.087603196365,89.6934410817271,7505
44,3,942.726381001549,457.886938564791,97.7293325981799,115.645679153037,91.2664608286622,7748
45,1,948.213406979664,653.149510419282,96.0726755451082,107.142505884255,98.0095863268636,7966
45,2,954.439387613083,556.063048016702,88.0444115079142,104.386641104296,86.6170146353402,7185
45,3,942.859832134293,469.154076738609,99.0087613723615,115.56868980782,86.3649019290317,8340
46,1,948.092597208375,652.834995014955,96.5495365209669,107.458155856812,99.5822942482604,8024
46,2,954.060025185392,561.710927661956,86.914254389573,105.132467040839,86.5430854293738,7147
46,3,944.193455671015,472.208047755914,101.420639210405,117.781527888414,93.4126156625455,9046
47,1,948.108636137382,652.015430562469,96.7301424503503,107.152672228698,99.3969098716411,8036
47,2,954.00390952248,561.886903099693,86.2114844739612,106.315839910524,88.0023204543329,7162
47,3,944.302471860516,472.999668947252,101.649613383014,118.706214150203,92.9135541628476,9062
48,1,948.099702749566,649.857939063661,96.9752333857301,107.463787305077,98.689818185977,8074
48,2,954.059764905821,560.660954539017,84.2502378053393,107.596477834581,88.1531712464583,7061
48,3,944.067889107182,473.029251255185,102.284242624663,118.269064700369,93.9668428721424,9162
49,1,948.278260869565,646.657639751553,96.8138645518682,107.19171727916,98.4690558177958,8050
49,2,954.89628992981,557.398939979946,85.1850199834692,104.774420009024,87.9098610240018,6981
49,3,943.3783473164,470.570853924836,100.848510728057,118.141291111835,94.1507065355372,8701
50,1,948.344780728845,641.951822112415,97.2655204564125,107.244925181249,98.0722316191622,8095
50,2,954.889311859444,552.752855051245,83.3804152508337,104.720253860594,88.4237782430668,6830
50,3,943.787446832969,466.928497528452,102.801347617358,120.157496094758,93.8765555947141,8699
51,1,948.40113272593,636.488549618321,97.0569406555542,107.870560030746,97.9641306832512,8122
51,2,955.036235022376,547.580337808575,84.241591010114,105.095659020422,88.256162768477,6927
51,3,943.856045845272,461.141088825215,100.95040967764,117.362392857268,94.1400964562184,8725
52,1,948.456295206571,631.934779943607,97.0637753176048,108.387903730823,97.3029830270524,8157
52,2,955.249501566505,542.689119908858,86.1349636820035,104.173811244597,88.8826418685836,7022
52,3,943.830930232558,454.225,100.056280092686,116.145874478211,94.3933488774761,8600
53,1,948.477730323368,627.73288590604,97.2238541128792,108.709422830982,97.7378214595516,8195
53,2,955.438561999719,538.251088330291,87.4156451748012,104.083204237389,88.9334569192446,7121
53,3,944.423384758149,447.612225959865,100.352367702699,115.491997025241,94.3286818312512,8621
54,1,948.534461763273,624.168899171944,97.2842395337915,108.843626420695,98.0678950424581,8212
54,2,955.462970740585,534.995660086798,87.6788669998701,104.120405052567,89.2106183375402,7143
54,3,944.784991197183,441.829335387324,103.924038965329,117.598334901415,95.4335563545869,9088
55,1,948.619469026549,620.817311189235,97.7299515454204,108.715238861869,97.6770953562935,8249
55,2,954.926805002843,532.928652643548,84.5055650957255,107.135921296475,89.7898886651851,7036
55,3,944.653522076171,443.991686327379,102.286537877413,116.48028741038,92.1200174884304,8901
56,1,948.809477402851,616.510049945182,97.2794893604976,108.572294508098,98.1721676732718,8209
56,2,955.976343457944,529.689544392523,83.472966324603,104.872765425835,89.5046872883429,6848
56,3,944.649540229885,442.685172413793,100.664073642638,116.724092294983,95.8060017595423,8700
57,1,948.844038929441,611.324087591241,97.2313253769395,108.80861409528,98.4344638814152,8220
57,2,956.111888111888,525.624163070972,81.3885726521192,105.650219933681,89.3481298838379,6721
57,3,944.924665993039,440.170876838442,102.840073082337,118.405441766539,94.0392111357991,8907
58,1,948.923402710552,607.172676669894,97.604883953103,109.006919573332,97.8289839303725,8264
58,2,956.349107952827,522.10855760508,79.762492873536,106.101746312863,89.2733748421944,6614
58,3,944.596415687187,438.791341789829,102.50912651214,120.169316920173,95.5971456215604,8593
59,1,949.147709416173,603.487852048834,98.0103736086144,108.66226267153,97.1989255891081,8273
59,2,956.659554730983,518.63172541744,77.5498733876639,106.803474465354,89.1132171302745,6468
59,3,943.954387645157,437.604692924698,102.804392253409,121.79950782479,97.4844098656532,8353
60,1,949.168296510926,600.317517807558,97.8107936289662,109.171606156499,97.4202881545198,8283
60,2,956.824435797665,516.213073929961,76.0448529899182,108.339489400016,88.3214034863475,6425
60,3,943.578196136336,436.951642672573,103.502446157595,122.784697480181,97.6112715616345,8127
61,1,949.383042693927,598.488875526158,98.3856042089235,109.044022133216,96.9345608475341,8315
61,2,956.936391735806,515.681145274118,71.9232890886989,109.922288427274,88.2710301923962,6147
61,3,942.630647795318,440.973870440936,105.27694890275,129.04647111792,103.283425859277,7348
62,1,949.483610508556,598.189081706435,98.2500024923202,108.995871006261,96.3522049236382,8298
62,2,956.966822354646,515.000966339185,72.5529178367105,110.02317412349,87.8973529823306,6209
62,3,942.483283091258,440.118388599616,105.554241123334,128.363122698569,102.132138704434,7298
63,1,949.480106744299,599.718825812712,97.788709742828,108.834574066418,95.4793474490317,8244
63,2,956.907175669254,515.992555045145,74.1908948606188,109.294936926222,87.9649841861214,6313
63,3,942.646670261526,439.619978430844,104.025367925624,126.665870230164,103.186489742342,7418
64,1,949.609192607004,601.684095330739,97.5863906230367,108.775282909277,94.9913452179293,8224
64,2,957.0227308603,517.838831886346,75.0913373113103,108.237125791105,87.6514527379815,6335
64,3,941.55819512924,443.976243836844,98.0579359074387,124.675075968029,97.9729229860417,6693
65,1,950.02250645677,605.541507809618,97.8600132021462,106.853931439397,91.6324937355587,8131
65,2,957.442381117667,524.314300590073,68.842617033066,107.99062306133,86.7702650496831,5762
65,3,941.069464089266,455.229765833726,101.802941908412,129.186744423736,105.369638666781,6363
66,1,949.930696751798,611.133027522936,97.751892413588,106.023947131398,90.4116657170086,8066
66,2,957.69218668065,530.127250480685,68.5775151382776,107.553614740758,86.6420789473083,5721
66,3,941.499561915888,458.843603971963,105.217552736724,128.490659336031,107.227896504188,6848
67,1,949.956467350513,617.785714285714,97.1274366646526,105.606488708936,89.1889009906447,7994
67,2,957.390735146022,535.270224907687,72.3342009573983,105.815247380718,86.555680834369,5958
67,3,942.832504579953,459.600104684638,103.843536280298,124.398157551784,100.188909128151,7642
68,1,949.796573875803,625.091447285552,96.724280335457,105.355980834819,88.953723976366,7939
68,2,956.92368,540.60736,76.4792568492058,104.771849163797,86.0999718771086,6250
68,3,943.419721218379,462.696954052659,101.796553107455,122.707507637074,91.9137505355449,7748
69,1,949.686178247734,631.804758308157,96.9921686133223,105.217394660197,90.4545661259422,7944
69,2,956.633755942948,545.699524564184,77.2531785130276,104.89445633665,86.6118812873336,6310
69,3,943.614875389408,468.183541017653,103.250467260383,124.423200923394,91.026668912242,7704
70,1,949.116331375734,637.99612645258,97.2059202841577,106.124989509551,94.8182285370759,8003
70,2,956.15707861684,549.780276011785,79.197048262446,104.526406369991,86.8705400104116,6449
70,3,943.794476966149,470.36536014253,103.672554702116,123.805924690077,91.8614243351843,7858
71,1,948.869909642282,641.965713578413,97.195287091825,107.386434742972,97.6254612541334,8079
71,2,955.64161592158,552.776177038467,82.5248481757245,104.531826570438,87.2807194436411,6733
71,3,944.127106574887,468.929385236174,103.971290238527,121.572982157654,91.0702248035699,8426
72,1,948.894138016325,643.33997031907,97.2541814554198,107.47641174608,98.7870537188893,8086
72,2,955.280243690165,554.096895851465,83.7798188065505,105.340705585245,88.1890319758788,6894
72,3,944.324002248454,467.39258010118,103.645313838271,118.879199298836,92.7712313134995,8895
73,1,948.910979228487,642.734421364985,96.8783240298712,107.840183393774,98.1799467275161,8088
73,2,955.04948659441,553.456503137479,85.4321574037314,105.120892098748,88.6767532008044,7012
73,3,945.315502061741,465.449793825922,101.108001393463,118.234697367322,91.5617708283977,8973
74,1,948.992812887237,642.70136307311,96.8140337466717,107.655705425432,98.2057341150246,8070
74,2,955.005269904572,553.594502207663,85.6839773873044,104.924732183819,88.0890506866141,7021
74,3,945.8328527063,465.012422360248,100.761680057456,117.406607012159,91.7636945821602,9016
75,1,948.980521091811,643.867866004963,96.9498426307178,107.311258106149,97.3432647682314,8060
75,2,955.073118586089,554.750285062714,85.9200058914605,104.470107777638,87.3893494088277,7016
75,3,945.67277574142,466.019549039209,100.816428926463,116.762606960407,92.3099938904997,9003
76,1,948.939915758177,644.347373637265,97.0142608708201,107.409015745119,98.2361437071457,8072
76,2,955.024822695036,554.981418439716,86.4758213488071,104.395469060092,87.7287472590825,7050
76,3,945.637310291348,465.636867176249,100.791050052329,116.999146796894,93.2860086213952,9027
77,1,948.903592149117,643.45784471053,96.8451957842809,108.011472135504,99.2198101172302,8101
77,2,955.054691916337,553.905031091012,86.7246797751656,104.437230953787,88.1558848222162,7076
77,3,945.941046099291,464.070811170213,100.498250809392,116.985357646729,94.417014182994,9024
78,1,949.116594157862,640.431945307645,96.7787481790626,107.125602835661,98.9598259172748,8045
78,2,955.442489089117,550.311417710826,88.0229249730501,103.119634168546,88.1972971861655,7103
78,3,945.62851676795,460.040400630205,99.6773834869774,116.831775813497,93.7157830005537,8886
79,1,949.285554032157,635.332419294528,96.6829728444987,106.881634511665,98.3788098985755,8023
79,2,955.569042941342,544.841987089531,88.4901908682822,102.897942174139,89.4753850657189,7126
79,3,945.605146808752,453.985489173563,99.0985625703406,117.103845930835,93.7252988774117,8821
80,1,949.425849831901,629.090648736147,96.6231713376564,107.052307575699,99.2821717444473,8031
80,2,955.511792119757,538.779550910888,87.5795222595313,103.286257661353,88.2823157306513,7081
80,3,945.071483899524,447.805577072037,100.957205720677,117.018869056774,94.032839482569,9037
81,1,949.753574536864,622.620415267935,97.0674424072416,106.593991737636,98.9604788993284,8043
81,2,955.895696779709,532.665859219151,85.7423324487175,104.582610928857,88.9023617530405,7018
81,3,944.697973414687,443.38341686642,102.819542612644,118.009748749153,95.5751943069246,9178
82,1,949.753959484346,617.089011663597,97.4613837179403,107.674361458683,98.6798707014818,8145
82,2,956.060614724804,527.804574696212,84.2163922170932,106.201983927906,88.3955172233201,6995
82,3,944.567079799957,440.299195477278,103.054020032399,118.35577833613,95.3494707160343,9198
83,1,949.75755351682,613.832048929664,97.3594401849086,108.208977022089,98.289470071069,8175
83,2,956.086628733997,524.763015647226,84.5879177151939,106.228390386359,88.1562324966553,7030
83,3,945.077903835764,436.670988654781,103.008619758745,118.245845571202,94.5774986708196,9255
84,1,949.869761208577,611.490253411306,97.8003091387545,108.178405233596,97.8859741589161,8208
84,2,956.174974859934,523.031604654504,83.2129623706919,107.041535533777,88.8206513132469,6961
84,3,944.946501153466,436.499725365264,103.291739680163,118.946786900604,93.1789524641303,9103
85,1,950.022774327122,609.623675557179,97.9092974648174,108.130686962466,97.8903465431486,8211
85,2,956.256054341406,522.228440637921,80.923194082054,107.154950931753,88.1088260615478,6772
85,3,945.004400047568,438.996551314068,104.494919214897,122.569826770043,93.4698151135719,8409
86,1,950.153968253968,607.890231990232,97.8123020944592,107.965289882802,97.6508555049852,8190
86,2,956.513379434756,521.376728803367,79.1904466384981,107.67962931926,88.0309970538122,6652
86,3,945.021970062772,439.719942056977,105.017963527745,122.98600392618,92.3817575380597,8284
87,1,950.198947110676,606.605656219393,97.6274320814559,107.883494215918,97.5132574055158,8168
87,2,956.69961802903,520.907868601986,77.755196588619,107.951628280373,87.4511754196613,6545
87,3,944.651159890247,440.938762783737,104.636958591061,123.691923882426,94.8794757892562,8018
88,1,950.175144012747,605.774359602893,97.4912828204457,107.92522579676,96.8891357794038,8159
88,2,956.938769183073,520.643466129282,76.8050333689352,107.819359212019,87.3584727486144,6451
88,3,944.593635095727,442.089387599848,103.895832938275,124.632770260461,93.8388653915344,7887
89,1,950.268346650277,606.100676090965,97.5295676203977,107.47062159778,96.5622300493937,8135
89,2,957.226147295379,521.512695158492,75.4541180729831,107.914847144,87.5194449055283,6341
89,3,943.946621088614,444.342229818564,103.86569214057,126.028099336998,98.454732824382,7606
90,1,950.399777558082,607.957983193277,97.2629821557239,107.251982740188,95.7264474408036,8092
90,2,957.342693955259,523.60463271458,75.5659796340385,107.080860988002,87.6170511474612,6303
90,3,943.547574123989,446.708894878706,102.712990911284,126.314886250208,102.067253786714,7420
91,1,950.2673537812,610.8591829132,96.919692643197,107.246601251102,96.8393497521801,8053
91,2,957.428844926611,526.524569240587,75.7361190621576,106.209943166099,87.376457377147,6268
91,3,943.631740934029,449.341629867523,103.077245772751,125.066378335175,100.553625314661,7473
92,1,950.291469194313,614.962210027438,96.8048514867978,106.881388358179,95.4662640465992,8018
92,2,957.360720492969,530.250750513509,76.7728503520357,105.679275840344,87.3180267007391,6329
92,3,944.150438946528,452.049880287311,102.636948507767,124.486962175478,98.9885301496335,7518
93,1,950.271657486229,619.355908863295,96.6345260889813,106.514962232961,95.5475411819926,7988
93,2,957.222513089005,533.698182938097,79.297242558151,104.837363909713,87.2734985060127,6494
93,3,944.450322266813,451.850905995379,102.026870745926,119.682724025737,98.0985105963273,8223
94,1,950.109477124183,623.704374057315,96.2421093587813,106.702091791225,95.9178952691563,7956
94,2,956.971316425121,537.062952898551,81.8184956023517,103.508816429934,86.0043095940719,6624
94,3,945.746166170748,452.219958800641,101.062719106373,117.059149660971,92.0103556671158,8738
95,1,949.969605626727,628.1617683999,96.1611268427152,106.858393358508,95.5376861499728,7962
95,2,956.828033157498,541.405275056519,82.307964199655,103.089138109671,86.0947690599327,6635
95,3,945.181987433093,456.723528042821,100.266015839105,116.502308661801,90.7733064650107,8594
96,1,949.838386369331,631.967802555751,96.2881094339493,107.001954702807,95.6568269785162,7982
96,2,956.652365069739,545.476349302608,81.796544469911,103.176740434184,86.3790964543978,6596
96,3,945.65019277953,461.618530202126,100.118517007614,117.494184634546,89.8539158778781,8559
97,1,949.68506006006,635.740490490491,96.5565332548493,106.891407371154,95.7179598274487,7992
97,2,956.439488506622,549.365961333536,81.1098690496945,103.668022827899,86.3919851760257,6569
97,3,945.624438666982,466.173481446467,100.687661731857,119.27224593075,89.8779150314176,8462
98,1,949.37531110005,638.890119462419,96.7383684683431,107.38912342301,97.1003778928837,8036
98,2,956.262255273941,552.532402488997,80.8962877427407,104.322159227346,87.2041978345824,6589
98,3,945.243411034321,469.282183436805,102.04291403381,120.023309018432,87.8227336044635,8537
99,1,949.203644025781,640.891670798215,96.7977402502347,107.745129897799,98.157958219611,8068
99,2,956.2100210021,554.091359135914,82.0265029228004,104.068865107497,86.8913970563917,6666
99,3,945.185405720957,469.847985989492,102.706650170469,120.183943427412,88.0218624217339,8565
100,1,949.165000617055,641.581142786622,97.2781862753441,107.695290294898,98.6960884791269,8103
100,2,956.228745247148,554.869961977186,80.878501202,104.208193878104,87.2884566840054,6575
100,3,944.785843264716,472.144215721681,103.341530900149,121.443497832751,89.0564687096067,8307
101,1,949.158374384237,641.556650246305,97.24195221618,107.922866603616,98.9149297979316,8120
101,2,956.168437025797,554.562367223065,80.8073751204324,104.531737404797,87.1227061655728,6590
101,3,944.918488105301,472.190918971139,103.562202078034,122.493090896763,87.2924845414424,8281
102,1,949.123024139199,640.719519666708,97.782363663958,107.836421652072,99.9848154871996,8161
102,2,956.050478941767,553.090162688156,80.2838296067489,105.04586556806,87.7371310020134,6577
102,3,944.789414834141,471.679090570257,103.378887569303,123.675418862837,90.1567900396421,8049
103,1,949.222893050764,638.613849186792,97.2757507008826,107.681494712622,99.0730830092851,8116
103,2,955.936706993213,549.908380053113,82.8386956027095,104.753016566173,87.2448880525106,6778
103,3,944.319534282018,465.592731976949,100.735823928804,118.441181405305,94.6824276782586,8503
104,1,949.358012544583,635.302053867913,97.2853301194462,107.856185308048,98.5637763257831,8131
104,2,955.961853259281,546.796258403975,84.1032867114853,104.005376666164,87.8682111646654,6842
104,3,944.446629859673,460.045548654244,101.876631443724,117.398518096417,96.5893645377601,8694
105,1,949.355514705882,631.864828431373,97.1762304306085,108.400360679159,98.7757506433059,8160
105,2,956.054022654662,543.271710717398,84.3191983355843,104.379339967888,88.5523444773099,6886
105,3,945.422033709119,456.068757673848,102.117671501228,118.305422691693,95.2633555659728,8959
106,1,949.536233655139,628.919956006355,97.4171172819874,108.463890279999,98.2100781721602,8183
106,2,955.774399772695,539.617701378037,85.7589852375636,104.959262772267,88.4687671451267,7039
106,3,945.575845843603,451.554111584136,100.872143901061,118.142466293293,94.1399369851027,8926
107,1,949.516697247707,625.539694189602,97.3150532397902,108.490367287129,98.8349441281962,8175
107,2,955.839166784753,536.026498512116,86.0895906481563,104.822486610469,88.0333730269602,7057
107,3,945.531194493783,447.142873001776,101.4095448495,118.015586086797,94.0275019056182,9008
108,1,949.616854483097,621.333904948555,97.4619808299332,108.022547919238,98.3965334226208,8164
108,2,955.993009985735,532.151212553495,85.0559282493784,105.394819372253,88.4252855150288,7010
108,3,945.520896491988,443.588349935037,102.156422242245,118.17392634915,94.3215606669163,9236
109,1,949.661043882166,617.085441877521,97.5996028058405,108.017933780781,98.8453750594948,8181
109,2,956.239545911769,528.175456243713,84.7121600518774,105.099581109736,88.689774831096,6959
109,3,945.142655673682,440.495986114125,102.281682619215,118.204969824403,94.3652184186931,9218
110,1,949.7714494341,613.297067056103,97.7022069138224,108.372164729744,98.7852704307627,8217
110,2,956.399072598174,525.097377191711,83.4763144968201,105.747720929495,88.4075286608426,6901
110,3,944.791395045632,438.151238591917,103.046093363821,118.2998668441,95.4752942572708,9204
111,1,949.695989337211,610.760208409063,97.9102919995349,108.62763715148,98.9725715517145,8253
111,2,956.356240011623,523.208339386895,82.6261317100932,106.627481423734,88.213201025972,6883
111,3,944.81605823555,436.913950456323,103.116798904379,118.437645480238,94.7115037383489,9204
112,1,949.817739975699,609.008505467801,97.8081673875408,108.485006731446,98.2968168121415,8230
112,2,956.485595485596,522.508167508168,80.7245584333282,106.8426302296,88.0075490731353,6734
112,3,944.881571665744,438.078583287216,103.240765365083,119.643712990355,93.4273921376264,9035
113,1,950.097953216374,607.823952241715,97.7638235610744,108.232641558044,97.514165049958,8208
113,2,956.674924471299,522.245619335348,79.2954568570668,107.008974848272,87.7434043625483,6620
113,3,944.743115072563,439.561535824477,102.238462494395,119.441811298634,94.3928991953574,8751
114,1,950.13653587581,607.556900134458,97.3266383336666,108.415464573011,96.4906290288616,8181
114,2,957.065541059094,522.893630084421,78.1620355226282,106.844116197133,87.7830902378795,6515
114,3,945.102582411044,441.463524931572,102.854337591829,120.46980769029,93.2585062846374,8403
115,1,950.426546709391,608.089844712842,97.024419253428,107.934637069468,95.4958167362487,8114
115,2,957.445899053628,524.479022082019,76.4101203310535,106.449489890286,87.8288286524176,6340
115,3,944.704994797086,445.747788761707,104.363408485927,122.978801040366,93.5494250895916,7688
116,1,950.609077417759,609.514345782835,97.0113446278617,107.612807377895,95.691428641171,8086
116,2,957.482396049068,525.948860920822,75.5956389825604,106.578390763026,87.6955486932811,6277
116,3,945.05946570768,447.72026714616,104.169102955282,123.35356829835,94.2289662478173,7786
117,1,950.596373571783,611.079234972678,96.8594635328785,107.344120913563,96.2923250557603,8052
117,2,957.537884830117,527.470250438666,75.4157894264028,106.682321423131,87.4895699918943,6269
117,3,944.959103933316,449.855300859599,103.768887898496,124.004234815137,94.3136026927214,7678
118,1,950.551487984062,612.773751712116,96.7398373189307,107.193760788906,96.8876875861037,8031
118,2,957.626632274706,529.275673061422,74.7998384220229,106.462303054132,87.2464750688856,6203
118,3,944.655401878914,452.248956158664,103.361785779918,123.985295799298,96.2530905835045,7664
119,1,950.591028037383,614.901557632399,96.9984442649926,106.766761124057,96.0198628228843,8025
119,2,957.62154294032,531.325570111596,74.5934691864494,106.420239940529,87.2941424923,6183
119,3,944.048225050235,454.765840589417,103.833597054762,123.721277684078,96.0240011292636,7465
120,1,950.429321991494,617.902927195397,96.7160187372343,106.714547666659,96.454526334026,7994
120,2,957.67959909473,534.049466537342,75.2245214309776,105.569664619087,86.8826208935603,6186
120,3,944.442760271241,457.154234809201,103.934512563147,123.39124762635,94.2551140630143,7521
121,1,950.466456891126,621.92699811202,96.5776437733155,106.105640728428,95.9002664520812,7945
121,2,957.529954663212,537.813795336788,75.5636260146103,104.873397083419,86.4240814661086,6176
121,3,944.151002591734,461.478243077343,102.655683175442,123.861011473396,93.7862120402969,7331
122,1,950.38921245885,626.940871106609,96.3851460850019,105.497114478744,94.5719465286605,7898
122,2,957.342118106393,542.761346998536,75.4762476739199,104.539593733526,85.8775098429801,6147
122,3,944.298731414541,466.46187423271,103.301580927375,124.336326759271,93.6472176144732,7331
123,1,950.101134930643,632.33316519546,96.6623933078035,105.761070340804,94.2760852134526,7930
123,2,957.041900786643,547.449510354792,76.7682639676097,104.059040094287,85.9468721976247,6229
123,3,944.44861634403,468.909185396908,103.701475854281,122.850465510365,93.6137964472357,7697
124,1,949.835616438356,636.699258514516,96.5724273360142,106.340346794277,97.0505427609017,7957
124,2,956.469284064665,550.524557351809,80.1368009155611,103.913301209116,86.31271774297,6495
124,3,944.821849556447,468.435897435897,102.707168141947,119.966211565882,91.2674571417398,8229
125,1,949.438887503118,639.069468695435,96.3482351569886,107.60468560662,97.9135422400904,8018
125,2,956.232280489648,552.548889224724,81.1708724678246,104.443212455037,87.4737045416264,6617
125,3,945.46932768162,469.062875309078,102.250742734348,119.86649189354,91.83599636505,8493
126,1,949.506348020911,639.323873537466,96.7653297953954,107.38561016884,98.5556690601168,8034
126,2,955.987895995218,552.373132098027,81.8741852063537,104.708352564636,87.5721367209042,6692
126,3,945.793458371455,467.592406221409,102.283220879739,119.365809090722,91.1325098263795,8744
127,1,949.381951340616,638.384309831182,96.6511594023314,107.741512197985,99.1507623409021,8056
127,2,955.892414403778,550.717089728453,83.0583980391236,104.450785440743,87.8475869465098,6776
127,3,945.535129604366,464.93838108231,102.289828498195,118.59566008153,91.7198091887397,8796
128,1,949.393961890621,636.418213313536,96.7878993194753,107.91220516628,98.9393173176996,8082
128,2,955.844852941176,548.587352941177,82.8911253218899,105.004901879147,87.8114948431364,6800
128,3,945.335055019088,462.64170222322,102.456239800921,118.586182825791,92.3987827004924,8906
129,1,949.38456797732,634.447799827437,97.1818849817634,107.878219095048,98.3889275403337,8113
129,2,955.782140779523,546.19211751018,83.4314317123464,105.449903770084,87.7389990194524,6876
129,3,944.97862153435,459.863155550607,102.40339089025,117.929287134791,92.4784850938808,8981
130,1,949.273486430063,632.774039051947,97.4874446648808,107.812628405282,98.3451892387349,8143
130,2,955.539830630113,543.987799626812,84.3815692277164,105.651624948493,87.726216463481,6967
130,3,944.837784153608,456.675347605385,102.599029042155,118.043444562319,93.1705598001275,9062
131,1,949.107238933725,630.740645634629,97.5565158478628,108.222204659813,98.4199089160375,8178
131,2,955.498856489423,541.85734705546,84.6049202320459,105.792512881419,88.055233517187,6996
131,3,944.689496213369,454.03600043903,103.208287416092,118.142389746947,94.2864887925992,9111
132,1,949.244303643231,628.496771049104,97.8683559685175,108.162035663526,97.8264508559003,8207
132,2,955.463477513606,539.652964766543,84.4137490451398,105.824912410883,87.9175130138677,6982
132,3,944.520166138376,451.917368018363,103.159703596258,118.441968772797,94.3674510791434,9149
133,1,949.188929440389,625.732360097324,97.6656881512611,108.594989846794,98.5626748854603,8220
133,2,955.530775837389,536.912825651303,84.6211729685139,105.576355468973,88.3027837582545,6986
133,3,944.69862107005,448.983452840596,102.78440574541,118.101852243072,96.6131458029184,9065
134,1,949.257511251673,622.090986497993,97.6340052884871,108.565280879552,98.3335202682754,8221
134,2,955.714977910788,533.298418127405,85.1472977645601,105.419323819138,88.8372511975253,7017
134,3,944.988235294118,444.858823529412,101.905806098832,117.717111876171,96.9370874931022,9010
135,1,949.340128625167,618.302997209077,97.6554497520508,108.750900812874,96.969988148056,8241
135,2,955.866350846971,530.036032156187,84.5411110853536,105.423249731648,89.1523373655364,6966
135,3,945.172089420097,442.076029216468,102.263766986798,117.314132398613,97.0572473402681,9036
136,1,949.411159525539,615.186032437666,97.8623439783445,108.720016411348,97.1660866858088,8262
136,2,955.905104241553,527.297915168943,84.0041291242204,105.929363945437,89.0399648012698,6955
136,3,945.085597975575,439.323908020684,103.001890182123,117.103605309693,97.4812131088747,9089
137,1,949.394463249516,613.11919729207,97.8910388829818,108.818691573576,97.3764003059122,8272
137,2,956.046051681825,525.709975458351,83.2297783948756,106.507247625789,88.5938679908922,6927
137,3,945.217396061269,438.553391684902,103.066233498348,117.627547275819,95.4449177651677,9140
138,1,949.351157996847,612.099793864436,97.6391526031426,108.780824220485,98.6266942302331,8247
138,2,956.163951120163,524.992289787606,82.9698064448784,106.042246928796,88.4108656337879,6874
138,3,945.062855891371,438.090013140604,103.23006074255,118.01918739387,93.1813509856147,9132
139,1,949.504197590948,611.005231780022,97.6393334036592,108.459793841992,98.376676705705,8219
139,2,956.397219757468,524.671842650104,81.324628132552,106.455873248905,88.3719339395229,6762
139,3,944.856632823831,439.445386589312,103.472118966503,118.647778305638,91.5081922382397,8963
140,1,949.712385600976,610.000610128127,97.5518584320655,108.271187769181,97.3992945358187,8195
140,2,956.72835416353,524.400692666767,79.5637075123712,106.902541187557,88.1304779017323,6641
140,3,944.850773638968,441.243323782235,103.262372766562,120.214355243592,90.340807407698,8725
141,1,949.818960244648,610.025565749236,97.5227545444138,108.063460750338,96.9910517936936,8175
141,2,956.950185070944,525.073719925972,77.7362446814662,106.908885282776,87.7703919446137,6484
141,3,944.804114925737,444.693571950329,103.613612275666,122.509306263324,90.5502859107894,8214
142,1,950.150377802552,611.287873157438,97.0100825255325,107.365186638872,95.962783450877,8073
142,2,957.006120527307,526.699937225361,76.6374486391107,106.667136300095,86.9394512128873,6372
142,3,944.698378240327,448.370578470183,103.240890063837,124.289878974302,91.1836285039867,7831
143,1,950.271302400796,613.213086204752,96.8734795352972,107.094173730546,95.502787293041,8039
143,2,957.062401013621,528.847798542921,75.8786270028534,106.777304916006,87.0664865453915,6314
143,3,944.100995732575,451.219707746024,103.124107582191,123.298966838423,94.500777821861,7733
144,1,950.358419802475,615.301912739092,96.6441626911978,106.844854296658,95.5373443839578,7999
144,2,957.204029827066,530.861653181025,75.8875726500064,106.554871380151,87.1248828274683,6303
144,3,944.194325689856,453.348620287602,102.495464630125,123.167917502179,94.5198495643772,7719
145,1,950.396855345912,617.578742138365,96.3393961477491,106.592057253318,95.1222837856219,7950
145,2,957.183959261617,533.086409929981,76.1258222729652,105.921867685818,87.1609252215127,6284
145,3,944.516145901425,455.524905216368,102.886488479401,124.166608183584,93.7999154141692,7649
146,1,950.337704918033,620.19684741488,96.194042894966,106.507112777775,95.2443005522987,7930
146,2,956.966877971474,535.306339144216,76.7769366849416,105.435171240259,86.7147185413993,6310
146,3,944.585516974313,456.726991093326,104.22568267243,123.569528014343,92.6724171423621,7747
147,1,950.08842423479,623.009698954528,96.0800014055997,106.866438518212,96.4098160104567,7939
147,2,956.890737833595,537.949607535322,77.456893452325,105.405904048008,86.5713060290081,6370
147,3,944.487886597938,458.519716494845,104.30698248979,123.116270128284,92.7132189982594,7760
148,1,950.066960352423,625.316173694147,96.3773222501677,106.441568592073,97.5397561288386,7945
148,2,956.841153546376,539.859236165238,78.1829536938294,105.157332750205,86.7544225990573,6415
148,3,944.3473939085,459.786542627756,104.005007962629,123.019780365682,92.6367501678027,7847
149,1,949.851823899371,627.409182389937,96.2244996495118,106.814109440685,97.4447601241221,7950
149,2,956.713954207921,541.659808168317,78.715392721782,105.25501030794,86.8800160818463,6464
149,3,944.552776388194,461.033766883442,104.089371906957,122.625746538628,90.5490623193213,7996
150,1,949.9700908632,630.001261988895,96.2242416734506,106.332465609127,96.6149902703045,7924
150,2,956.42375995101,543.85042865891,79.3060613722416,105.514171397515,86.473840263481,6532
150,3,944.552511976416,462.637145313844,103.588629494272,122.432901228488,90.1930316334066,8141
151,1,949.702702702703,632.412193588938,96.4259611673367,106.58376162659,96.4210753061609,7955
151,2,956.083815028902,545.892455126255,79.6321612054018,105.793502042521,87.566576221963,6574
151,3,944.587967401726,463.89837008629,103.357131056234,121.960911991525,89.926757907391,8344
152,1,949.546953046953,634.463286713287,96.6781415476158,107.000169866178,96.4941769987504,8008
152,2,955.957117062895,547.564249172435,80.3062111001524,106.023749535555,86.9632224029215,6646
152,3,944.622121465219,465.117050471304,103.663228591024,121.514252066583,89.6625837868807,8381
153,1,949.36131840796,635.559825870647,96.8024736687717,107.27774286429,97.5980865927984,8040
153,2,955.687490725627,548.239501409705,81.2857624105244,106.155429200942,86.9767122204359,6739
153,3,944.791910902696,464.791207502931,103.337943900298,121.369678407819,90.6648665129647,8530
154,1,949.313416149068,635.841739130435,96.8476219405069,107.327122832793,97.4620697599187,8050
154,2,955.664378559953,547.998247407624,82.9792940421898,105.587085813115,87.561952327492,6847
154,3,944.776173285199,462.150834837545,103.101098106857,118.518135818669,92.91103303202,8864
155,1,949.161677387432,635.564448292924,96.8064472435658,107.7919880265,97.8662310109178,8084
155,2,955.388089471435,546.670750819205,85.320484292349,105.207777376723,88.4141156820192,7019
155,3,945.481072026801,458.757565605807,101.033433502072,118.189865259885,93.3634955972027,8955
156,1,949.069818987809,633.882526782416,97.1349694213962,107.900253423709,97.8349441982443,8121
156,2,955.384822313465,544.555146538298,86.0201642612652,104.959852246292,88.889890894301,7063
156,3,945.583793331861,455.620777213513,100.923350692164,117.935402069667,93.2163648616015,9058
157,1,949.187253937008,631.296505905512,97.2731878278004,107.817260285167,98.695078629692,8128
157,2,955.378603730921,541.717637083098,86.274507353023,104.832961249091,88.8493057347066,7076
157,3,945.770817249366,452.365611558399,101.261444690941,117.683017696238,93.5100822697437,9067
158,1,949.056031318816,628.377049180328,97.5181112565832,108.094715837482,98.5309019903952,8174
158,2,955.335073363431,538.865688487585,86.1160173303904,105.237035650358,88.7922390060784,7088
158,3,945.489103328635,449.332212945896,101.735312519345,117.33566174919,93.9910792921552,9223
159,1,948.960365853659,625.672195121951,97.5572663075707,108.491556349608,98.4663989425789,8200
159,2,955.418871127458,536.477295232706,85.8148699858507,105.334359511376,88.1330816998542,7069
159,3,945.332153202446,447.095912455745,102.421185019666,118.050084215899,93.4686247702792,9321
160,1,948.878963931251,622.921205519245,97.7641109242651,109.005501127216,98.2359316277913,8262
160,2,955.513871105421,534.23459951629,84.7728395580764,106.029419709352,88.679872079201,7029
160,3,944.960030084882,445.748039110347,102.761096904141,117.856728186466,94.5646130631409,9307
161,1,949.01378309757,620.042316527627,97.9205442315757,108.863246630456,97.861694065738,8271
161,2,955.63321799308,532.122837370242,83.2303725055949,106.58940295824,88.3073791935275,6936
161,3,944.880430107527,444.773440860215,102.841221390901,117.762104120042,94.0825836731985,9300
162,1,949.110776640578,617.180614087899,98.1262206005762,109.075779626716,97.1537985708773,8305
162,2,955.879373444591,530.336407553799,81.8355766496888,106.810145047974,88.4112485401557,6831
162,3,944.573053178815,444.206325138092,103.155876758971,118.371205325713,95.9172654894607,9233
163,1,949.218599615014,614.67781520693,98.0299780743836,109.234664521576,96.9881895317815,8312
163,2,955.979030339084,528.859458655562,80.4600949447056,107.038735348436,87.958989720144,6724
163,3,944.509190152612,444.538041662025,103.335434052086,119.504502009653,94.1554527192196,8977
164,1,949.218258258258,612.768408408408,98.3323686193204,109.112938227971,96.7596953416427,8325
164,2,956.191743535461,527.655375774989,79.0669787090427,107.163230377898,88.4577612730572,6613
164,3,944.618440356619,444.207990068841,103.837200509107,119.533315937176,94.3052309463651,8861
165,1,949.351449275362,611.227415458937,97.6971059553254,109.304177133239,96.5639893580785,8280
165,2,956.529071537291,526.728767123288,78.724840917405,106.963193694941,88.1161000632102,6570
165,3,944.822671413805,444.106121511428,103.730061006102,120.314592109386,92.6273791305345,8707
166,1,949.521770770164,610.039417828987,97.6110168407386,108.94347989285,97.7499571313324,8245
166,2,956.651395958661,526.056455344748,77.9102528240233,106.699204472999,88.6676968143479,6483
166,3,944.944072105385,443.99272012942,103.850873893422,120.315250562159,92.9617823337101,8654
167,1,949.603454567571,609.718525726797,97.6597878806402,108.470827961751,97.0650073657429,8221
167,2,956.907264296754,525.891962905719,77.4669929757711,107.053322740152,88.619941906972,6470
167,3,945.158306112926,444.323028464769,103.599491896598,120.760800238574,91.6812424737737,8572
168,1,949.757326793378,610.403678724709,97.0768580759277,108.355266097557,95.9994761199106,8155
168,2,957.068632038684,526.739666198721,77.0295447973093,106.686264148405,87.6582132688998,6411
168,3,945.4180357357,446.177719150977,102.973466247944,121.323631600324,90.7793303023347,8339
169,1,949.842566317088,612.585194324491,96.9080382166235,107.866520785216,96.3921786192722,8105
169,2,957.195003142678,528.817253299811,76.7749805704463,106.291498255945,87.7797175404548,6364
169,3,945.314842392653,449.29746835443,102.868545635295,122.832588599846,90.7111759071622,8058
170,1,950.022589052997,615.255802407844,96.8905464959268,107.198027475921,95.7205752398274,8057
170,2,957.276720583571,531.385981604821,76.1802102957688,106.206245273708,87.5290267732883,6306
170,3,945.117244872119,452.832742466447,103.399136284842,123.293836690684,91.1241740266075,7898
171,1,950.022905514752,617.74256193203,96.6941872362374,107.219977930445,95.4235354869788,8033
171,2,957.247148288973,533.618662864385,76.5847987461267,105.648672666573,87.1264071426317,6312
171,3,945.176197059193,454.570064094508,103.320882266428,122.85318555271,90.7783762194231,7957
172,1,950.158231019795,620.022300175395,96.4724640445112,106.835217160059,96.9425187334168,7982
172,2,957.263718784794,535.712899634166,76.3762363374199,105.589541595208,86.9969603582018,6287
172,3,944.762999872237,457.377794812827,103.447965692352,123.310431479493,90.2277980346286,7827
173,1,950.144057171515,621.882271815446,96.4417322513094,106.927694082967,97.3529476073272,7976
173,2,956.962692490872,537.413716462931,76.4497970232626,105.766589614889,87.0118342086819,6299
173,3,944.803822300975,458.963169219086,103.801858668901,123.30820665792,91.2817299381991,7901
174,1,950.157280822777,622.883230904302,96.4478908602015,106.956244106409,98.1254193354607,7973
174,2,956.914276709738,538.010557831705,77.148768744405,105.545910851919,86.7032357922611,6346
174,3,944.723542656993,458.940955716788,103.435024230717,122.94966307822,91.7709561443582,7994
175,1,950.294420708721,623.400351847198,96.5535858644263,106.63621907994,96.6797313735293,7958
175,2,956.699143968872,537.942879377432,78.0045251467232,105.648046511574,87.23259986491,6425
175,3,944.846172569064,457.456857733966,103.131027974678,121.429104799011,92.1250870655777,8217
176,1,950.117173749057,624.557958259995,96.253831768276,106.900491029917,97.1746104285526,7954
176,2,956.507487775061,538.317848410758,79.7546642416295,105.173656175074,87.0358586771702,6544
176,3,944.859540530889,456.183311510535,103.221787896298,120.284476923729,91.2178897697337,8401
177,1,950.06681709916,626.207220759684,96.4699987326252,106.795887254441,96.7728667619257,7977
177,2,956.259030704395,539.468091511138,80.5979488170912,105.6173874009,87.0999925882984,6644
177,3,945.051425899953,455.953132304815,103.816030167591,120.247633508559,91.0091585175012,8556
178,1,949.973591989987,628.194117647059,96.5457292100977,106.850791227475,96.6884117810027,7990
178,2,956.265468164794,541.134382022472,81.4914630953234,104.877575089063,86.6299624516678,6675
178,3,945.047727272727,456.430340909091,103.502284322146,118.850384789804,91.5217486054927,8800
179,1,949.923930664671,629.472003990523,96.8240614741726,106.944139011652,97.7570367935468,8019
179,2,956.189318931893,542.537203720372,80.7985957611233,105.751416764589,87.3681380646699,6666
179,3,944.870481927711,458.754865616311,103.988662001151,119.81702709298,91.3064767979548,8632
180,1,949.809358321956,630.229614000248,97.1898993365331,107.093202752698,97.7509149060805,8057
180,2,956.107525260142,543.335997587091,80.4628746670514,105.634016975648,87.4684701300789,6631
180,3,944.617083091226,460.281696687972,104.018472326594,120.479737279018,91.1713571148835,8605
181,1,949.700395354584,630.459105510255,97.2348681008926,107.476651101378,96.9308371701221,8094
181,2,955.996551724138,543.419940029985,80.6515177503549,106.023227140837,87.7736805509324,6670
181,3,944.49077190946,460.046778874057,104.014912544545,120.081449737186,92.9704266155178,8615
182,1,949.572448602733,630.376338791087,97.3281759490922,107.782645492288,97.7631584143244,8123
182,2,955.975674873925,542.920053396618,81.5043421899751,105.946949198588,88.3158742066825,6742
182,3,944.668169014085,458.328676056338,103.491038166125,118.975743628601,94.7936328204989,8875
183,1,949.449076904267,629.791783836655,97.6034698667914,108.146375886788,97.5336324251972,8179
183,2,955.752122986823,541.897218155198,82.6284759021772,105.868595107716,88.0158360355957,6830
183,3,944.984109345483,456.151572396933,103.452225909504,118.42265671183,94.4738091823106,8999
184,1,949.440868080956,628.396732504267,97.7118618182433,108.286760944645,98.5366106768416,8202
184,2,955.694267515924,540.040243196294,83.5554876844527,105.857953482088,88.4012216848146,6908
184,3,945.015064244572,453.426118741693,102.772519030503,117.994206868113,95.5965594273751,9028
185,1,949.344164536936,626.62833150785,97.8053433783735,108.45977085368,98.4800550091543,8217
185,2,955.695085255767,537.837942398625,84.5212135476766,105.671437514452,88.5140237248158,6979
185,3,944.940645303381,450.180156370444,102.228385709636,117.278310163621,95.5201403926572,9081
186,1,949.386227909811,624.120048750762,97.6430100065782,108.426878417247,98.8626360404983,8205
186,2,955.751350582883,535.235285754905,85.1710699145611,105.647383194212,88.5506005665314,7034
186,3,945.259548706659,446.689928453495,102.171728508748,117.870023919298,96.2488209096612,9085
187,1,949.399295004254,621.058222924517,97.8274632703008,108.455259602942,98.9219058473608,8227
187,2,955.967488949095,532.456010266648,84.8184458426592,105.766719718037,89.1276904046311,7013
187,3,945.48605360645,444.02505992591,102.326965863412,117.579331081781,95.4360286796681,9178
188,1,949.415098919772,618.183396043209,97.7971182312064,108.525830859804,98.0956062995338,8239
188,2,956.03059905186,530.393046976009,83.9884925004648,106.047118812794,89.2570200346355,6961
188,3,945.584466441858,442.590231698031,102.583464339553,117.566787871958,94.4272318217523,9193
189,1,949.542270531401,615.931280193237,98.11586842804,108.688409146927,97.7364586782423,8280
189,2,956.180387585604,528.960221477488,82.6844693963314,106.290062510596,88.4949863974462,6863
189,3,945.551750380518,442.223744292237,102.766712521098,117.885856870076,93.7441877940607,9198
190,1,949.454260576112,614.817765457394,97.9345852435287,109.216937556676,97.6067225362618,8297
190,2,956.163259302839,528.779526400941,81.6401372267901,106.770515377718,88.53424342905,6799
190,3,945.400653594771,442.742919389978,103.042896977079,118.278507259172,92.5728108555325,9180
191,1,949.481959695909,614.153493423434,97.6831968609359,109.366640566027,97.6897904187969,8287
191,2,956.538988095238,528.783928571429,80.7472071455139,106.61027417933,88.6477281061363,6720
191,3,945.202290496641,443.63407113754,102.759503722049,118.29885749736,92.8298147957696,9081
192,1,949.545015689114,613.810885831523,97.8623703762553,109.190778056054,97.3125458985148,8286
192,2,956.738351798452,529.267263621187,79.1343217029938,106.746782511979,88.1281106244967,6589
192,3,945.28355344847,446.286714076081,101.981784142407,119.255227645973,91.2935570553163,8859
193,1,949.677758954502,613.715150048403,97.7489510143275,109.063535357334,97.0564445623953,8264
193,2,956.963551401869,530.218224299065,77.0620963435918,106.892426820522,88.0355262399623,6420
193,3,945.091223467684,449.560577152397,103.379952556733,121.586050580472,91.5139973724619,8386
194,1,949.770035266934,614.047184725769,97.4268872355717,108.938990307991,96.5918124299728,8223
194,2,957.157564344005,530.685028248588,76.6715726903988,106.600333201714,88.2842577613849,6372
194,3,945.224981649131,450.672498164913,103.735491743809,122.954406555726,91.122193968254,8174
195,1,950.102564102564,614.592688013741,97.1202496455541,108.283889200928,96.2276168570895,8151
195,2,957.083591811414,530.586693548387,77.7153447221181,106.41844156067,88.366590276821,6448
195,3,945.302473583093,449.592339097022,103.080041257988,121.803308806408,91.3733421607783,8328
196,1,950.134195933457,615.094886013555,97.0475706366473,107.916955636231,96.8555949973526,8115
196,2,957.233395118937,530.549582947173,78.5108493800809,105.650050987978,88.0923813328657,6474
196,3,945.533348880597,448.507929104478,103.206285520565,120.902914457318,90.7388033519051,8576
197,1,950.284138785626,616.055018587361,96.7418864400086,107.695777432085,96.9144236741472,8070
197,2,957.246459359606,530.98322044335,79.2144023940255,105.139169343252,87.535791848935,6496
197,3,945.441435103764,449.019463008559,102.656169054896,120.683612365773,90.0099768325793,8529
198,1,950.318571961687,617.560019902973,96.6129871535694,107.455668613623,97.3173972132945,8039
198,2,957.165525824518,532.713596764157,78.3623437573136,105.169844496489,87.243107789638,6428
198,3,945.059099662975,451.692224362061,102.959564822332,120.529142066154,91.4848759911481,8308
199,1,950.40157480315,619.761154855643,96.6031084398264,107.012691160244,97.1829194752936,8001
199,2,957.192337886638,535.024964672633,77.3738348964986,105.557495089388,87.1764120165944,6369
199,3,945.238345206849,455.572428446444,102.885881355303,122.538323725207,90.7388723354973,8001
200,1,950.370495495496,621.918168168168,96.6455027807668,106.815024620063,97.2287427765396,7992
200,2,957.289607905642,537.4705132292,76.4275932770096,105.355772519811,86.483079113522,6274
200,3,944.790903267136,459.199103139014,104.00654834068,122.731724845326,90.0583145246972,7805
201,1,950.332083958021,623.771739130435,96.6636138656176,107.091895429787,97.6037362595899,8004
201,2,957.25200128082,539.367595260967,75.9919141316617,105.620895633361,86.8923069769116,6246
201,3,944.883664627931,461.554408766565,104.016901376789,123.636976967093,91.8873077549022,7848
202,1,950.347820641283,625.130260521042,96.7783757428759,106.636936524502,97.8264067048005,7984
202,2,957.04088450525,540.408049634108,76.34488844041,105.794407512568,87.0089136270168,6286
202,3,944.968761953334,462.497003697565,103.865311306978,124.214141066593,91.2052305200561,7843
203,1,950.31915957979,626.057528764382,96.9524391456097,106.678735888797,98.6275899625211,7996
203,2,956.898020585907,541.040855106888,76.6193013974122,105.863133012213,86.9677641541163,6315
203,3,945.007393483709,462.362531328321,104.502132549195,123.719221091189,91.9525081558637,7980
204,1,950.150865827831,626.42381960882,96.8964731436819,107.150797637526,98.3119140915909,8027
204,2,956.753500078653,541.225578102879,77.024185258728,105.963595405514,87.2512805691446,6357
204,3,944.687601246106,461.921619937695,104.613007306127,123.132052727205,92.922576119474,8025
205,1,950.118713522911,626.588352166894,96.8302975831059,107.497913350487,98.5382237506273,8053
205,2,956.684737409518,540.716001848144,78.6886127963839,105.845354391824,87.2856531794021,6493
205,3,944.761005518087,459.986143470264,104.184593093883,122.189465044775,91.0491202895065,8155
206,1,950.057518284368,626.679186810462,96.823128390837,107.689284119592,98.3612706642371,8067
206,2,956.649620637329,540.197723823976,80.193645325297,105.369075096542,87.4426565500069,6590
206,3,944.842471505699,457.77924415117,104.539193485702,121.367028209316,91.7815495460141,8335
207,1,949.998145859085,626.951915945612,97.0623537357447,107.689590272888,97.4174457514218,8090
207,2,956.374102870813,539.923744019139,81.6359494056188,104.970582592361,87.5677254408021,6688
207,3,945.293407613742,455.772864438255,104.287732231794,120.487988491308,91.0461038634268,8616
208,1,949.83471176398,627.27231206024,96.9801061989894,107.886753931792,97.9158407046622,8101
208,2,956.208424747696,539.459119496855,83.5756507420646,104.761819391759,87.5399633847841,6837
208,3,945.621243808475,453.091359383599,102.567683106259,118.676827408165,90.9034023550031,9085
209,1,949.843038286348,627.220977471378,97.2559128806996,107.88295800551,97.8962387398706,8123
209,2,956.010724637681,539.021304347826,84.1408587643343,105.003931472543,87.6578648672243,6900
209,3,945.92902945332,451.832409520704,102.030373623854,118.240950974206,90.6966831677863,9201
210,1,949.772526934378,626.679480901077,97.6183805168243,108.016703213958,98.3046763610212,8168
210,2,956.077711974578,538.347248302759,84.1584928198681,105.29956668015,88.3561010491141,6923
210,3,945.806222707423,451.193231441048,101.880560005007,118.074628576269,92.629251433053,9160
211,1,949.70203435254,625.514800828359,97.5418169143717,108.617408169923,97.8431844481473,8209
211,2,956.096602361071,537.143823783473,84.5415848432988,105.169603824589,88.1468617493375,6946
211,3,945.742316526304,449.854971016078,101.823756871446,118.421454759116,92.7000181205047,9143
212,1,949.63305424099,624.106419123893,97.7402716081294,108.894658891396,98.2113464107443,8241
212,2,956.042273842158,535.964218727456,84.022735348858,105.603084250318,88.1430767448969,6931
212,3,945.645136695349,448.643611806993,102.414020327038,117.943337394374,92.9746684106647,9181
213,1,949.641607966966,622.663225649745,97.8065718850529,108.613351777698,98.6131128934834,8234
213,2,956.085152211373,534.648334290638,84.1035777843364,106.030153949659,88.3671713032844,6964
213,3,945.736423118866,447.49465648855,102.298644882666,118.1335454384,92.800000862385,9170
214,1,949.67264573991,621.020724760635,97.8771738558007,108.772714005154,98.6824442215767,8251
214,2,956.208255159475,533.223264540338,83.7453654836237,105.959109252648,88.8807291941285,6929
214,3,945.655048469666,445.9265875177,102.523490603515,117.796698493406,94.2457582684659,9181
215,1,949.677896267571,619.669292292778,97.746368039951,108.912084270252,99.5839882911581,8252
215,2,956.254377080017,532.200983938649,83.7648311888526,105.668975214736,88.3700435633912,6911
215,3,945.943324250681,444.679891008174,102.617075541549,117.858597181038,94.0538826130838,9175
216,1,949.791894187599,618.701492537314,97.8673438935001,108.52581700728,98.865249832696,8241
216,2,956.545177222545,531.412696106915,83.6419913474858,105.383943357513,88.3664426018743,6884
216,3,945.945948897139,444.001419523914,102.408294244903,117.919772665421,92.9971334663921,9158
217,1,949.899391727494,618.175182481752,97.6044061574535,108.554048404677,98.1368526651092,8220
217,2,956.616113053613,531.221736596737,83.5602224660712,105.169489699264,88.3957950670546,6864
217,3,946.165542745269,444.062214487709,102.523804958904,118.525698360377,91.6910242508357,9194
218,1,950.016899696049,617.833434650456,97.6919328410782,108.566145160973,98.4290780510373,8225
218,2,956.737762751727,531.192562104954,82.5775935176169,105.568574299781,89.1227569998457,6803
218,3,946.250388112664,445.207030383677,102.618723771397,119.161216372891,90.5796830977383,9018
219,1,950.164410293938,617.824734723747,97.6675522480562,108.216218607077,98.3938088951135,8199
219,2,956.838134838135,531.545441045441,81.7998136185957,105.551610718451,88.6298643858888,6734
219,3,945.957577107226,446.408083732324,102.325961448302,118.269029962278,91.2631793142059,8981
220,1,950.324828263003,618.226938174681,97.4789582776727,107.871311094079,98.0760872409612,8152
220,2,957.000150829563,532.308446455505,80.4745253002131,105.669565422945,88.0614209482181,6630
220,3,945.841067808065,448.425884208155,102.753197464089,118.881165401629,92.1303086473366,8878
221,1,950.437030653699,618.699987689277,97.2472116415562,107.85169971885,97.1096496056008,8123
221,2,957.189720332578,532.727135298564,80.4601014606102,105.45181369084,87.7211247535286,6615
221,3,945.838303662547,449.567751445742,102.371111132003,119.47167559633,90.5645975959767,8819
222,1,950.752505877985,619.192550426927,97.1680026532301,107.433308428567,97.6453769663932,8081
222,2,957.272489620175,533.541903736737,79.1902918425354,105.348621455852,87.4620087580707,6503
222,3,945.698781195589,451.506674405107,103.421264576562,120.666963182807,91.3923074185175,8615
223,1,950.785137318255,619.590654902448,96.9021500275553,107.309091465302,98.1005814323009,8047
223,2,957.392004958166,534.059033157732,78.6928487209795,105.282279437616,87.5246198172926,6454
223,3,945.714165767063,453.511694854264,103.077717532649,122.557510281615,91.463436009697,8337
224,1,950.950037471896,620.417686734949,96.7905972483736,106.919309325212,98.2136373728068,8006
224,2,957.317809066997,534.688534736191,78.6491484002745,105.539348322945,87.4402773038972,6463
224,3,945.669777023752,454.17716917111,103.577116011098,122.798892470265,90.8362630013378,8252
225,1,951.038967547926,621.409472497181,96.7966386401648,106.619093488156,99.2115196155813,7981
225,2,957.462275819419,535.393630179344,79.0711310241778,105.039334415244,87.0484793707837,6468
225,3,945.333051563821,454.506098297307,103.774155988832,121.579634721509,92.5510852641631,8281
226,1,951.167484585378,622.123316974959,96.4910302271615,106.549623064474,98.9356169270013,7947
226,2,957.411882100092,535.897605158121,79.7211447831551,104.850559252864,86.8856340924354,6514
226,3,945.694211953318,454.022515619474,103.390102473858,121.463643853825,91.1855512068929,8483
227,1,951.20420760897,622.868228772991,96.3860613077781,106.550139928962,98.9463468586955,7938
227,2,957.468721391517,536.295544705523,80.4662021036643,104.489945928013,87.2138076173994,6554
227,3,945.81358111267,453.900537634409,103.066681336303,120.816215684529,90.5931243510874,8556
228,1,951.265538150581,623.788403233957,96.2085331768011,106.472266050857,99.5643703910119,7916
228,2,957.441239316239,537.181013431014,80.7637644552656,104.064387553541,87.00867819379,6552
228,3,946.146352886079,454.519260039808,103.002420406747,120.602974526188,91.1217033100431,8541
229,1,951.28064190043,624.876926964872,96.1402020510094,106.522331493149,98.9920406658593,7914
229,2,957.34960582171,538.108095815646,81.1878249787025,104.229060918218,86.1589906281517,6596
229,3,946.225107720974,455.046698497729,102.698770118017,119.998035889246,90.9704951482021,8587
230,1,951.255254877281,625.889993706734,96.3882309836004,106.625837275803,98.8586397116068,7945
230,2,957.29243570348,539.05189107413,81.1413619463784,104.529881562556,86.2679229498238,6610
230,3,946.234114100186,455.893552875696,102.744011126326,119.890269503372,91.7747115830166,8624
231,1,951.10179265388,626.453303246835,96.3817258059682,107.205171001069,100.153403304778,7977
231,2,957.296060606061,539.536515151515,81.2248280497683,104.255411452801,87.1884100582578,6600
231,3,946.071105440204,456.208792483471,103.303787147216,119.792629699775,91.1261869579965,8621
232,1,951.063430501689,626.646690854498,96.6166777988263,107.152219274703,100.121770763833,7993
232,2,957.250603136309,539.603588661037,81.5178406801404,104.391582055208,87.5273704325248,6632
232,3,946.062045060659,455.963373772386,103.338089929714,119.511138906964,91.6927343118605,8655
233,1,951.039161885757,626.475305562484,96.7369264773528,107.361777967536,100.533539689307,8018
233,2,957.23191011236,539.209588014981,81.9791564823152,104.529839569651,87.2432252758418,6675
233,3,945.779827089337,455.218097982709,103.186002581441,119.226418272356,93.4725917726158,8675
234,1,951.084916201117,625.863314711359,97.1683443398124,107.18300592942,101.239833866403,8055
234,2,957.322839322839,538.28512028512,82.656044340545,104.442976060687,87.597210798397,6734
234,3,946.210940095228,453.074188904883,102.796175443718,118.828743727854,92.4792741347465,9031
235,1,950.953551575046,624.96578134651,97.226834101174,107.736919249982,101.097096936463,8095
235,2,957.323438192291,537.114754098361,83.3299499724827,104.154459114901,87.4743693222389,6771
235,3,946.145626740947,451.246239554318,103.172979942524,118.284709219656,92.8493174190477,8975
236,1,950.955328574945,624.122569529904,97.4134858947764,107.779212642128,100.693223595202,8126
236,2,957.449117647059,536.230882352941,83.7335019010968,104.075783357726,87.7273414627812,6800
236,3,946.171558816989,449.998665777185,103.0027176226,117.745642683351,93.4956389868122,8994
237,1,950.984876429362,623.429115947375,97.4208319398643,107.821565221922,100.285649653052,8133
237,2,957.327190288138,535.660523621471,84.1829164348507,104.106554891181,87.9205972172261,6837
237,3,946.400110619469,449.071792035398,102.630867403721,117.762740050514,92.3380013682406,9040
238,1,951.063702070317,623.029400955531,97.7764942960267,107.832251849964,99.4444508819297,8163
238,2,957.448507899356,535.263897015799,84.0978486734467,104.184821728537,88.1718823904661,6836
238,3,946.717597236153,448.656079349159,102.733090140138,118.116068561626,93.6216559239531,8973
239,1,950.912911084044,622.526309378806,97.9758351111126,108.295252772057,101.289352864692,8210
239,2,956.882370068423,534.904935216189,83.6562167244676,105.948304118469,88.9805665460897,6869
239,3,946.904299889746,448.133076074972,102.750580209382,117.971203309851,92.5387349878834,9070
240,1,951.061905922496,621.662320253473,97.9055686595651,108.194284015241,100.282686878559,8206
240,2,957.22762674504,534.60396767083,83.1676274300221,105.203118605034,88.956850786026,6805
240,3,946.893977483878,447.890698436988,102.780108027458,117.566190271623,93.3475000999623,9149
241,1,951.129000851892,620.397590361446,98.0401179598161,108.24367330213,100.922925442117,8217
241,2,957.411150338335,533.496616651956,82.6328129807297,106.062930164218,88.8568248820588,6798
241,3,946.929480901077,447.439329633257,102.595324867129,118.225946310716,91.5468726217602,9189
242,1,951.128467153285,619.269708029197,97.6903620233247,108.681513196997,100.021695089923,8220
242,2,957.649807749187,532.578970718722,82.6064630015038,105.059815980331,87.8847217912798,6762
242,3,946.83973307078,446.945520183787,102.594348999246,118.390962652697,91.6391170583686,9141
243,1,951.211466051257,618.349447346046,97.9613929519769,108.547855753649,100.184116477185,8233
243,2,957.731002814398,531.594578580951,82.3657746745641,105.532591349652,88.3578300603191,6751
243,3,946.699758401054,446.376125631452,102.616296206667,118.964359866847,91.2487847807149,9106
244,1,951.311693057247,618.066260657735,97.9218123701355,108.356637844826,100.352802090096,8210
244,2,957.882414307005,531.488822652757,82.1844450624616,104.790523560746,87.5461973741686,6710
244,3,946.636284248445,446.249208601681,102.939287152631,118.724696864695,91.3568472036884,9161
245,1,951.405052477423,618.22699536246,97.7681630514369,108.313860425776,100.622933499562,8194
245,2,958.011634844869,531.625149164678,82.2911055723964,104.543957647037,87.32518792023,6704
245,3,946.748733759084,446.4904206122,103.19714784089,118.8842643175,91.2300889487844,9082
246,1,951.533880651881,619.120573459135,97.6324526287958,108.126296111589,100.483424118238,8161
246,2,958.27518390632,532.447530400841,82.3212861924625,103.823570290181,87.4298140252675,6661
246,3,947.000221901697,447.450904249418,102.746895209571,118.318362455014,89.9966344671542,9013
247,4,895.930696105489,741.45599509353,61.3385511926017,142.360414063556,1.67166638975323,6522
247,5,962.16824111561,703.114334982756,81.4320329180044,214.742095714522,4.73231650882403,13338
247,1,909.269415932419,578.964756108638,65.0164240505319,221.379688139565,178.828237080747,11009
247,2,972.442485207101,541.88875739645,76.104541130394,144.554017544013,174.129943458797,8450
247,6,994.888310064597,427.189831214836,44.9856047888812,140.466632665463,0.964614507747896,4799
247,3,926.607174787662,431.04336164506,98.7189520610734,118.12066469348,164.5234021363,8948
247,7,956.189282580079,311.367595436595,142.958724469899,167.860099429613,48.6934098094546,18232
